{
  "moneyline": {
    "A": 0.23974570001699028,
    "B": 0.12880934393046495
  },
  "runline_minus": {
    "A": 0.2352893605679996,
    "B": -0.29394234977657663
  },
  "runline_plus": {
    "A": 0.27722029042049406,
    "B": 0.3442996470340581
  },
  "total_over": {
    "A": 0.4561314750507192,
    "B": -0.08459761525054671
  }
}